30,2e-09,30,2e-09,30,2e-09,30,2e-09
30.1,2e-09,30.1,2e-09,30.1,2e-09,30.1,2e-09
30.2,2e-09,30.2,2e-09,30.2,2e-09,30.2,2e-09
30.3,2e-09,30.3,2e-09,30.3,2e-09,30.3,2e-09
30.4,2e-09,30.4,2e-09,30.4,2e-09,30.4,2e-09
30.5,2e-09,30.5,2e-09,30.5,2e-09,30.5,2e-09
30.6,2e-09,30.6,2e-09,30.6,2e-09,30.6,2e-09
30.7,2e-09,30.7,2e-09,30.7,2e-09,30.7,2e-09
30.8,2e-09,30.8,2e-09,30.8,2e-09,30.8,2e-09
30.9,2e-09,30.9,2e-09,30.9,2e-09,30.9,2e-09
31,2e-09,31,2e-09,31,2e-09,31,2e-09
31.1,2e-09,31.1,2e-09,31.1,2e-09,31.1,2e-09
31.2,2e-09,31.2,2e-09,31.2,2e-09,31.2,2e-09
31.3,2e-09,31.3,2e-09,31.3,2e-09,31.3,2e-09
31.4,2e-09,31.4,2e-09,31.4,2e-09,31.4,2e-09
31.5,2e-09,31.5,2e-09,31.5,2e-09,31.5,2e-09
31.6,2e-09,31.6,2e-09,31.6,2e-09,31.6,2e-09
31.7,2e-09,31.7,2e-09,31.7,2e-09,31.7,2e-09
31.8,2e-09,31.8,2e-09,31.8,2e-09,31.8,2e-09
31.9,2e-09,31.9,2e-09,31.9,2e-09,31.9,2e-09
32,2e-09,32,2e-09,32,2e-09,32,2e-09
32.1,2e-09,32.1,2e-09,32.1,2e-09,32.1,2e-09
32.2,2e-09,32.2,2e-09,32.2,2e-09,32.2,2e-09
32.3,2e-09,32.3,2e-09,32.3,2e-09,32.3,2e-09
32.4,2e-09,32.4,2e-09,32.4,2e-09,32.4,2e-09
32.5,2e-09,32.5,2e-09,32.5,2e-09,32.5,2e-09
32.6,2e-09,32.6,2e-09,32.6,2e-09,32.6,2e-09
32.7,2e-09,32.7,2e-09,32.7,2e-09,32.7,2e-09
32.8,2e-09,32.8,2e-09,32.8,2e-09,32.8,2e-09
32.9,2e-09,32.9,2e-09,32.9,2e-09,32.9,2e-09
33,2e-09,33,2e-09,33,2e-09,33,2e-09
33.1,2e-09,33.1,2e-09,33.1,2e-09,33.1,2e-09
33.2,2e-09,33.2,2e-09,33.2,2e-09,33.2,2e-09
33.3,2e-09,33.3,2e-09,33.3,2e-09,33.3,2e-09
33.4,2e-09,33.4,2e-09,33.4,2e-09,33.4,2e-09
33.5,2e-09,33.5,2e-09,33.5,2e-09,33.5,2e-09
33.6,2e-09,33.6,2e-09,33.6,2e-09,33.6,2e-09
33.7,2e-09,33.7,2e-09,33.7,2e-09,33.7,2e-09
33.8,2e-09,33.8,2e-09,33.8,2e-09,33.8,2e-09
33.9,2e-09,33.9,2e-09,33.9,2e-09,33.9,2e-09
34,2e-09,34,2e-09,34,2e-09,34,2e-09
34.1,2e-09,34.1,2e-09,34.1,2e-09,34.1,2e-09
34.2,2e-09,34.2,2e-09,34.2,2e-09,34.2,2e-09
34.3,2e-09,34.3,2e-09,34.3,2e-09,34.3,2e-09
34.4,2e-09,34.4,2e-09,34.4,2e-09,34.4,2e-09
34.5,2e-09,34.5,2e-09,34.5,2e-09,34.5,2e-09
34.6,2e-09,34.6,2e-09,34.6,2e-09,34.6,2e-09
34.7,2e-09,34.7,2e-09,34.7,2e-09,34.7,2e-09
34.8,2e-09,34.8,2e-09,34.8,2e-09,34.8,2e-09
34.9,2e-09,34.9,2e-09,34.9,2e-09,34.9,2e-09
35,2e-09,35,2e-09,35,2e-09,35,2e-09
35.1,2e-09,35.1,2e-09,35.1,2e-09,35.1,2e-09
35.2,2e-09,35.2,2e-09,35.2,2e-09,35.2,2e-09
35.3,2e-09,35.3,2e-09,35.3,2e-09,35.3,2e-09
35.4,2e-09,35.4,2e-09,35.4,2e-09,35.4,2e-09
35.5,2e-09,35.5,2e-09,35.5,2e-09,35.5,2e-09
35.6,2e-09,35.6,2e-09,35.6,2e-09,35.6,2e-09
35.7,2e-09,35.7,2e-09,35.7,2e-09,35.7,2e-09
35.8,2e-09,35.8,2e-09,35.8,2e-09,35.8,2e-09
35.9,2e-09,35.9,2e-09,35.9,2e-09,35.9,2e-09
36,1.7532e-07,36,1.7532e-07,36,1.7532e-07,36,1.7532e-07
36.1,1.9002e-07,36.1,1.8764e-07,36.1,1.8491e-07,36.1,1.835e-07
36.2,1.9024e-07,36.2,1.8782e-07,36.2,1.8505e-07,36.2,1.8362e-07
36.3,1.9046e-07,36.3,1.8801e-07,36.3,1.8519e-07,36.3,1.8374e-07
36.4,1.9069e-07,36.4,1.882e-07,36.4,1.8533e-07,36.4,1.8386e-07
36.5,1.9092e-07,36.5,1.8839e-07,36.5,1.8548e-07,36.5,1.8398e-07
36.6,1.9116e-07,36.6,1.8858e-07,36.6,1.8563e-07,36.6,1.8411e-07
36.7,1.914e-07,36.7,1.8878e-07,36.7,1.8578e-07,36.7,1.8423e-07
36.8,1.9164e-07,36.8,1.8898e-07,36.8,1.8593e-07,36.8,1.8436e-07
36.9,1.9188e-07,36.9,1.8918e-07,36.9,1.8609e-07,36.9,1.8449e-07
37,1.9213e-07,37,1.8938e-07,37,1.8624e-07,37,1.8463e-07
37.1,1.9238e-07,37.1,1.8959e-07,37.1,1.864e-07,37.1,1.8476e-07
37.2,1.9264e-07,37.2,1.898e-07,37.2,1.8656e-07,37.2,1.8489e-07
37.3,1.9289e-07,37.3,1.9001e-07,37.3,1.8672e-07,37.3,1.8503e-07
37.4,1.9315e-07,37.4,1.9023e-07,37.4,1.8689e-07,37.4,1.8517e-07
37.5,1.9342e-07,37.5,1.9045e-07,37.5,1.8705e-07,37.5,1.8531e-07
37.6,1.9369e-07,37.6,1.9067e-07,37.6,1.8722e-07,37.6,1.8545e-07
37.7,1.9396e-07,37.7,1.9089e-07,37.7,1.8739e-07,37.7,1.8559e-07
37.8,1.9424e-07,37.8,1.9112e-07,37.8,1.8756e-07,37.8,1.8574e-07
37.9,1.9451e-07,37.9,1.9135e-07,37.9,1.8774e-07,37.9,1.8589e-07
38,1.948e-07,38,1.9158e-07,38,1.8791e-07,38,1.8604e-07
38.1,1.9508e-07,38.1,1.9182e-07,38.1,1.8809e-07,38.1,1.8619e-07
38.2,1.9538e-07,38.2,1.9205e-07,38.2,1.8827e-07,38.2,1.8634e-07
38.3,1.9567e-07,38.3,1.923e-07,38.3,1.8846e-07,38.3,1.8649e-07
38.4,1.9597e-07,38.4,1.9254e-07,38.4,1.8864e-07,38.4,1.8665e-07
38.5,1.9627e-07,38.5,1.9279e-07,38.5,1.8883e-07,38.5,1.8681e-07
38.6,1.9658e-07,38.6,1.9304e-07,38.6,1.8902e-07,38.6,1.8697e-07
38.7,1.9689e-07,38.7,1.933e-07,38.7,1.8921e-07,38.7,1.8713e-07
38.8,1.9721e-07,38.8,1.9355e-07,38.8,1.8941e-07,38.8,1.8729e-07
38.9,1.9753e-07,38.9,1.9382e-07,38.9,1.8961e-07,38.9,1.8746e-07
39,1.9785e-07,39,1.9408e-07,39,1.8981e-07,39,1.8763e-07
39.1,1.9818e-07,39.1,1.9435e-07,39.1,1.9001e-07,39.1,1.878e-07
39.2,1.9851e-07,39.2,1.9462e-07,39.2,1.9022e-07,39.2,1.8797e-07
39.3,1.9885e-07,39.3,1.949e-07,39.3,1.9042e-07,39.3,1.8814e-07
39.4,1.9919e-07,39.4,1.9517e-07,39.4,1.9063e-07,39.4,1.8832e-07
39.5,1.9954e-07,39.5,1.9546e-07,39.5,1.9085e-07,39.5,1.885e-07
39.6,1.9989e-07,39.6,1.9574e-07,39.6,1.9106e-07,39.6,1.8868e-07
39.7,2.0025e-07,39.7,1.9603e-07,39.7,1.9128e-07,39.7,1.8886e-07
39.8,2.0061e-07,39.8,1.9633e-07,39.8,1.915e-07,39.8,1.8905e-07
39.9,2.0098e-07,39.9,1.9663e-07,39.9,1.9172e-07,39.9,1.8924e-07
40,2.0135e-07,40,1.9693e-07,40,1.9195e-07,40,1.8942e-07
40.1,2.0173e-07,40.1,1.9723e-07,40.1,1.9218e-07,40.1,1.8962e-07
40.2,2.0211e-07,40.2,1.9754e-07,40.2,1.9241e-07,40.2,1.8981e-07
40.3,2.025e-07,40.3,1.9786e-07,40.3,1.9265e-07,40.3,1.9001e-07
40.4,2.0289e-07,40.4,1.9818e-07,40.4,1.9289e-07,40.4,1.9021e-07
40.5,2.0329e-07,40.5,1.985e-07,40.5,1.9313e-07,40.5,1.9041e-07
40.6,2.0369e-07,40.6,1.9883e-07,40.6,1.9337e-07,40.6,1.9061e-07
40.7,2.041e-07,40.7,1.9916e-07,40.7,1.9362e-07,40.7,1.9082e-07
40.8,2.0452e-07,40.8,1.9949e-07,40.8,1.9387e-07,40.8,1.9103e-07
40.9,2.0494e-07,40.9,1.9983e-07,40.9,1.9412e-07,40.9,1.9124e-07
41,2.0536e-07,41,2.0018e-07,41,1.9438e-07,41,1.9145e-07
41.1,2.058e-07,41.1,2.0052e-07,41.1,1.9464e-07,41.1,1.9167e-07
41.2,2.0624e-07,41.2,2.0088e-07,41.2,1.949e-07,41.2,1.9189e-07
41.3,2.0668e-07,41.3,2.0124e-07,41.3,1.9517e-07,41.3,1.9211e-07
41.4,2.0713e-07,41.4,2.016e-07,41.4,1.9544e-07,41.4,1.9233e-07
41.5,2.0759e-07,41.5,2.0197e-07,41.5,1.9571e-07,41.5,1.9256e-07
41.6,2.0806e-07,41.6,2.0234e-07,41.6,1.9598e-07,41.6,1.9279e-07
41.7,2.0853e-07,41.7,2.0272e-07,41.7,1.9626e-07,41.7,1.9302e-07
41.8,2.09e-07,41.8,2.031e-07,41.8,1.9655e-07,41.8,1.9326e-07
41.9,2.0949e-07,41.9,2.0349e-07,41.9,1.9683e-07,41.9,1.935e-07
42,2.0998e-07,42,2.0388e-07,42,1.9713e-07,42,1.9374e-07
42.1,2.1048e-07,42.1,2.0428e-07,42.1,1.9742e-07,42.1,1.9398e-07
42.2,2.1099e-07,42.2,2.0469e-07,42.2,1.9772e-07,42.2,1.9423e-07
42.3,2.115e-07,42.3,2.051e-07,42.3,1.9802e-07,42.3,1.9448e-07
42.4,2.1202e-07,42.4,2.0551e-07,42.4,1.9832e-07,42.4,1.9473e-07
42.5,2.1255e-07,42.5,2.0593e-07,42.5,1.9863e-07,42.5,1.9499e-07
42.6,2.1308e-07,42.6,2.0636e-07,42.6,1.9895e-07,42.6,1.9525e-07
42.7,2.1363e-07,42.7,2.0679e-07,42.7,1.9926e-07,42.7,1.9551e-07
42.8,2.1418e-07,42.8,2.0723e-07,42.8,1.9959e-07,42.8,1.9578e-07
42.9,2.1474e-07,42.9,2.0768e-07,42.9,1.9991e-07,42.9,1.9604e-07
43,2.1531e-07,43,2.0813e-07,43,2.0024e-07,43,1.9632e-07
43.1,2.1588e-07,43.1,2.0858e-07,43.1,2.0057e-07,43.1,1.9659e-07
43.2,2.1647e-07,43.2,2.0905e-07,43.2,2.0091e-07,43.2,1.9687e-07
43.3,2.1706e-07,43.3,2.0952e-07,43.3,2.0125e-07,43.3,1.9715e-07
43.4,2.1767e-07,43.4,2.0999e-07,43.4,2.016e-07,43.4,1.9744e-07
43.5,2.1828e-07,43.5,2.1047e-07,43.5,2.0195e-07,43.5,1.9773e-07
43.6,2.189e-07,43.6,2.1096e-07,43.6,2.0231e-07,43.6,1.9802e-07
43.7,2.1953e-07,43.7,2.1146e-07,43.7,2.0267e-07,43.7,1.9832e-07
43.8,2.2017e-07,43.8,2.1196e-07,43.8,2.0303e-07,43.8,1.9862e-07
43.9,2.2082e-07,43.9,2.1247e-07,43.9,2.034e-07,43.9,1.9892e-07
44,2.2148e-07,44,2.1299e-07,44,2.0377e-07,44,1.9923e-07
44.1,2.2215e-07,44.1,2.1352e-07,44.1,2.0415e-07,44.1,1.9954e-07
44.2,2.2283e-07,44.2,2.1405e-07,44.2,2.0454e-07,44.2,1.9985e-07
44.3,2.2352e-07,44.3,2.1459e-07,44.3,2.0493e-07,44.3,2.0017e-07
44.4,2.2422e-07,44.4,2.1514e-07,44.4,2.0532e-07,44.4,2.005e-07
44.5,2.2493e-07,44.5,2.1569e-07,44.5,2.0572e-07,44.5,2.0082e-07
44.6,2.2565e-07,44.6,2.1626e-07,44.6,2.0612e-07,44.6,2.0115e-07
44.7,2.2638e-07,44.7,2.1683e-07,44.7,2.0653e-07,44.7,2.0149e-07
44.8,2.2713e-07,44.8,2.1741e-07,44.8,2.0695e-07,44.8,2.0183e-07
44.9,2.2789e-07,44.9,2.1799e-07,44.9,2.0737e-07,44.9,2.0217e-07
45,2.2866e-07,45,2.1859e-07,45,2.0779e-07,45,2.0252e-07
45.1,2.2944e-07,45.1,2.192e-07,45.1,2.0822e-07,45.1,2.0287e-07
45.2,2.3023e-07,45.2,2.1981e-07,45.2,2.0866e-07,45.2,2.0323e-07
45.3,2.3104e-07,45.3,2.2043e-07,45.3,2.091e-07,45.3,2.0359e-07
45.4,2.3186e-07,45.4,2.2107e-07,45.4,2.0955e-07,45.4,2.0395e-07
45.5,2.3269e-07,45.5,2.2171e-07,45.5,2.1001e-07,45.5,2.0432e-07
45.6,2.3353e-07,45.6,2.2236e-07,45.6,2.1047e-07,45.6,2.047e-07
45.7,2.3439e-07,45.7,2.2302e-07,45.7,2.1093e-07,45.7,2.0507e-07
45.8,2.3527e-07,45.8,2.2369e-07,45.8,2.1141e-07,45.8,2.0546e-07
45.9,2.3616e-07,45.9,2.2437e-07,45.9,2.1189e-07,45.9,2.0585e-07
46,2.3706e-07,46,2.2506e-07,46,2.1237e-07,46,2.0624e-07
46.1,2.3798e-07,46.1,2.2576e-07,46.1,2.1286e-07,46.1,2.0664e-07
46.2,2.3891e-07,46.2,2.2647e-07,46.2,2.1336e-07,46.2,2.0704e-07
46.3,2.3986e-07,46.3,2.272e-07,46.3,2.1387e-07,46.3,2.0745e-07
46.4,2.4082e-07,46.4,2.2793e-07,46.4,2.1438e-07,46.4,2.0787e-07
46.5,2.418e-07,46.5,2.2867e-07,46.5,2.149e-07,46.5,2.0829e-07
46.6,2.428e-07,46.6,2.2943e-07,46.6,2.1543e-07,46.6,2.0871e-07
46.7,2.4382e-07,46.7,2.302e-07,46.7,2.1596e-07,46.7,2.0914e-07
46.8,2.4485e-07,46.8,2.3098e-07,46.8,2.165e-07,46.8,2.0958e-07
46.9,2.459e-07,46.9,2.3177e-07,46.9,2.1705e-07,46.9,2.1002e-07
47,2.4697e-07,47,2.3257e-07,47,2.1761e-07,47,2.1046e-07
47.1,2.4805e-07,47.1,2.3339e-07,47.1,2.1817e-07,47.1,2.1092e-07
47.2,2.4916e-07,47.2,2.3422e-07,47.2,2.1874e-07,47.2,2.1137e-07
47.3,2.5028e-07,47.3,2.3506e-07,47.3,2.1932e-07,47.3,2.1184e-07
47.4,2.5143e-07,47.4,2.3592e-07,47.4,2.1991e-07,47.4,2.1231e-07
47.5,2.526e-07,47.5,2.3679e-07,47.5,2.205e-07,47.5,2.1279e-07
47.6,2.5378e-07,47.6,2.3767e-07,47.6,2.2111e-07,47.6,2.1327e-07
47.7,2.5499e-07,47.7,2.3857e-07,47.7,2.2172e-07,47.7,2.1376e-07
47.8,2.5622e-07,47.8,2.3948e-07,47.8,2.2234e-07,47.8,2.1425e-07
47.9,2.5747e-07,47.9,2.4041e-07,47.9,2.2297e-07,47.9,2.1476e-07
48,2.5875e-07,48,2.4135e-07,48,2.2361e-07,48,2.1526e-07
48.1,2.6005e-07,48.1,2.4231e-07,48.1,2.2426e-07,48.1,2.1578e-07
48.2,2.6137e-07,48.2,2.4328e-07,48.2,2.2491e-07,48.2,2.163e-07
48.3,2.6272e-07,48.3,2.4427e-07,48.3,2.2558e-07,48.3,2.1683e-07
48.4,2.6409e-07,48.4,2.4528e-07,48.4,2.2626e-07,48.4,2.1737e-07
48.5,2.6549e-07,48.5,2.463e-07,48.5,2.2694e-07,48.5,2.1791e-07
48.6,2.6692e-07,48.6,2.4734e-07,48.6,2.2764e-07,48.6,2.1846e-07
48.7,2.6838e-07,48.7,2.484e-07,48.7,2.2834e-07,48.7,2.1902e-07
48.8,2.6986e-07,48.8,2.4948e-07,48.8,2.2906e-07,48.8,2.1959e-07
48.9,2.7137e-07,48.9,2.5057e-07,48.9,2.2979e-07,48.9,2.2016e-07
49,2.7291e-07,49,2.5168e-07,49,2.3052e-07,49,2.2074e-07
49.1,2.7448e-07,49.1,2.5282e-07,49.1,2.3127e-07,49.1,2.2133e-07
49.2,2.7609e-07,49.2,2.5397e-07,49.2,2.3203e-07,49.2,2.2193e-07
49.3,2.7772e-07,49.3,2.5514e-07,49.3,2.328e-07,49.3,2.2253e-07
49.4,2.7939e-07,49.4,2.5633e-07,49.4,2.3358e-07,49.4,2.2315e-07
49.5,2.811e-07,49.5,2.5755e-07,49.5,2.3438e-07,49.5,2.2377e-07
49.6,2.8283e-07,49.6,2.5878e-07,49.6,2.3518e-07,49.6,2.244e-07
49.7,2.8461e-07,49.7,2.6004e-07,49.7,2.36e-07,49.7,2.2504e-07
49.8,2.8642e-07,49.8,2.6132e-07,49.8,2.3683e-07,49.8,2.2569e-07
49.9,2.8827e-07,49.9,2.6262e-07,49.9,2.3768e-07,49.9,2.2634e-07
50,2.9016e-07,50,2.6395e-07,50,2.3853e-07,50,2.2701e-07
50.1,2.9209e-07,50.1,2.653e-07,50.1,2.394e-07,50.1,2.2768e-07
50.2,2.9406e-07,50.2,2.6668e-07,50.2,2.4028e-07,50.2,2.2837e-07
50.3,2.9608e-07,50.3,2.6808e-07,50.3,2.4118e-07,50.3,2.2907e-07
50.4,2.9814e-07,50.4,2.6951e-07,50.4,2.4209e-07,50.4,2.2977e-07
50.5,3.0024e-07,50.5,2.7097e-07,50.5,2.4302e-07,50.5,2.3049e-07
50.6,3.0239e-07,50.6,2.7245e-07,50.6,2.4396e-07,50.6,2.3121e-07
50.7,3.0459e-07,50.7,2.7396e-07,50.7,2.4491e-07,50.7,2.3195e-07
50.8,3.0685e-07,50.8,2.7551e-07,50.8,2.4588e-07,50.8,2.3269e-07
50.9,3.0915e-07,50.9,2.7708e-07,50.9,2.4687e-07,50.9,2.3345e-07
51,3.1151e-07,51,2.7868e-07,51,2.4787e-07,51,2.3422e-07
51.1,3.1392e-07,51.1,2.8031e-07,51.1,2.4888e-07,51.1,2.35e-07
51.2,3.1639e-07,51.2,2.8198e-07,51.2,2.4992e-07,51.2,2.3579e-07
51.3,3.1892e-07,51.3,2.8368e-07,51.3,2.5097e-07,51.3,2.3659e-07
51.4,3.2151e-07,51.4,2.8541e-07,51.4,2.5204e-07,51.4,2.374e-07
51.5,3.2416e-07,51.5,2.8718e-07,51.5,2.5312e-07,51.5,2.3823e-07
51.6,3.2688e-07,51.6,2.8899e-07,51.6,2.5423e-07,51.6,2.3907e-07
51.7,3.2967e-07,51.7,2.9083e-07,51.7,2.5535e-07,51.7,2.3992e-07
51.8,3.3252e-07,51.8,2.9271e-07,51.8,2.5649e-07,51.8,2.4079e-07
51.9,3.3546e-07,51.9,2.9463e-07,51.9,2.5765e-07,51.9,2.4166e-07
52,3.3846e-07,52,2.9659e-07,52,2.5883e-07,52,2.4255e-07
52.1,3.4155e-07,52.1,2.986e-07,52.1,2.6003e-07,52.1,2.4346e-07
52.2,3.4471e-07,52.2,3.0064e-07,52.2,2.6125e-07,52.2,2.4438e-07
52.3,3.4796e-07,52.3,3.0273e-07,52.3,2.6249e-07,52.3,2.4531e-07
52.4,3.513e-07,52.4,3.0487e-07,52.4,2.6375e-07,52.4,2.4625e-07
52.5,3.5473e-07,52.5,3.0705e-07,52.5,2.6504e-07,52.5,2.4722e-07
52.6,3.5826e-07,52.6,3.0929e-07,52.6,2.6635e-07,52.6,2.4819e-07
52.7,3.6188e-07,52.7,3.1157e-07,52.7,2.6768e-07,52.7,2.4918e-07
52.8,3.6561e-07,52.8,3.1391e-07,52.8,2.6904e-07,52.8,2.5019e-07
52.9,3.6944e-07,52.9,3.163e-07,52.9,2.7042e-07,52.9,2.5121e-07
53,3.7339e-07,53,3.1874e-07,53,2.7182e-07,53,2.5225e-07
53.1,3.7745e-07,53.1,3.2124e-07,53.1,2.7325e-07,53.1,2.5331e-07
53.2,3.8163e-07,53.2,3.238e-07,53.2,2.7471e-07,53.2,2.5438e-07
53.3,3.8594e-07,53.3,3.2642e-07,53.3,2.7619e-07,53.3,2.5548e-07
53.4,3.9039e-07,53.4,3.2911e-07,53.4,2.777e-07,53.4,2.5658e-07
53.5,3.9497e-07,53.5,3.3186e-07,53.5,2.7924e-07,53.5,2.5771e-07
53.6,3.9969e-07,53.6,3.3468e-07,53.6,2.8081e-07,53.6,2.5886e-07
53.7,4.0457e-07,53.7,3.3757e-07,53.7,2.8241e-07,53.7,2.6002e-07
53.8,4.096e-07,53.8,3.4053e-07,53.8,2.8404e-07,53.8,2.6121e-07
53.9,4.148e-07,53.9,3.4357e-07,53.9,2.857e-07,53.9,2.6241e-07
54,4.2018e-07,54,3.4668e-07,54,2.8739e-07,54,2.6363e-07
54.1,4.2574e-07,54.1,3.4988e-07,54.1,2.8911e-07,54.1,2.6488e-07
54.2,4.3148e-07,54.2,3.5316e-07,54.2,2.9087e-07,54.2,2.6614e-07
54.3,4.3743e-07,54.3,3.5653e-07,54.3,2.9267e-07,54.3,2.6743e-07
54.4,4.4359e-07,54.4,3.5999e-07,54.4,2.945e-07,54.4,2.6874e-07
54.5,4.4998e-07,54.5,3.6354e-07,54.5,2.9636e-07,54.5,2.7008e-07
54.6,4.566e-07,54.6,3.6719e-07,54.6,2.9827e-07,54.6,2.7143e-07
54.7,4.6346e-07,54.7,3.7094e-07,54.7,3.0021e-07,54.7,2.7281e-07
54.8,4.7059e-07,54.8,3.748e-07,54.8,3.022e-07,54.8,2.7422e-07
54.9,4.7799e-07,54.9,3.7877e-07,54.9,3.0423e-07,54.9,2.7565e-07
55,4.8568e-07,55,3.8286e-07,55,3.0629e-07,55,2.771e-07
55.1,4.9367e-07,55.1,3.8706e-07,55.1,3.0841e-07,55.1,2.7859e-07
55.2,5.0199e-07,55.2,3.9139e-07,55.2,3.1057e-07,55.2,2.8009e-07
55.3,5.1066e-07,55.3,3.9585e-07,55.3,3.1277e-07,55.3,2.8163e-07
55.4,5.1969e-07,55.4,4.0045e-07,55.4,3.1502e-07,55.4,2.832e-07
55.5,5.291e-07,55.5,4.0519e-07,55.5,3.1732e-07,55.5,2.8479e-07
55.6,5.3893e-07,55.6,4.1008e-07,55.6,3.1968e-07,55.6,2.8642e-07
55.7,5.4919e-07,55.7,4.1513e-07,55.7,3.2208e-07,55.7,2.8807e-07
55.8,5.5992e-07,55.8,4.2034e-07,55.8,3.2454e-07,55.8,2.8976e-07
55.9,5.7114e-07,55.9,4.2572e-07,55.9,3.2706e-07,55.9,2.9148e-07
56,5.8289e-07,56,4.3128e-07,56,3.2964e-07,56,2.9323e-07
56.1,5.952e-07,56.1,4.3702e-07,56.1,3.3227e-07,56.1,2.9501e-07
56.2,6.0811e-07,56.2,4.4297e-07,56.2,3.3497e-07,56.2,2.9684e-07
56.3,6.2166e-07,56.3,4.4912e-07,56.3,3.3773e-07,56.3,2.9869e-07
56.4,6.3589e-07,56.4,4.5549e-07,56.4,3.4056e-07,56.4,3.0059e-07
56.5,6.5086e-07,56.5,4.6209e-07,56.5,3.4345e-07,56.5,3.0252e-07
56.6,6.6662e-07,56.6,4.6893e-07,56.6,3.4642e-07,56.6,3.0449e-07
56.7,6.8322e-07,56.7,4.7603e-07,56.7,3.4946e-07,56.7,3.065e-07
56.8,7.0073e-07,56.8,4.8339e-07,56.8,3.5258e-07,56.8,3.0856e-07
56.9,7.1921e-07,56.9,4.9104e-07,56.9,3.5577e-07,56.9,3.1065e-07
57,7.3874e-07,57,4.9898e-07,57,3.5905e-07,57,3.1279e-07
57.1,7.5941e-07,57.1,5.0724e-07,57.1,3.6241e-07,57.1,3.1498e-07
57.2,7.8129e-07,57.2,5.1583e-07,57.2,3.6587e-07,57.2,3.1721e-07
57.3,8.0449e-07,57.3,5.2478e-07,57.3,3.6941e-07,57.3,3.1949e-07
57.4,8.2912e-07,57.4,5.341e-07,57.4,3.7305e-07,57.4,3.2182e-07
57.5,8.5528e-07,57.5,5.4382e-07,57.5,3.7678e-07,57.5,3.242e-07
57.6,8.8311e-07,57.6,5.5395e-07,57.6,3.8062e-07,57.6,3.2663e-07
57.7,9.1274e-07,57.7,5.6454e-07,57.7,3.8457e-07,57.7,3.2912e-07
57.8,9.4433e-07,57.8,5.756e-07,57.8,3.8862e-07,57.8,3.3167e-07
57.9,9.7804e-07,57.9,5.8716e-07,57.9,3.928e-07,57.9,3.3427e-07
58,1.0141e-06,58,5.9927e-07,58,3.9709e-07,58,3.3693e-07
58.1,1.0526e-06,58.1,6.1194e-07,58.1,4.0151e-07,58.1,3.3965e-07
58.2,1.0939e-06,58.2,6.2523e-07,58.2,4.0606e-07,58.2,3.4244e-07
58.3,1.1381e-06,58.3,6.3918e-07,58.3,4.1075e-07,58.3,3.4529e-07
58.4,1.1856e-06,58.4,6.5382e-07,58.4,4.1558e-07,58.4,3.4821e-07
58.5,1.2367e-06,58.5,6.6921e-07,58.5,4.2056e-07,58.5,3.5121e-07
58.6,1.2916e-06,58.6,6.8539e-07,58.6,4.2569e-07,58.6,3.5427e-07
58.7,1.3507e-06,58.7,7.0244e-07,58.7,4.3099e-07,58.7,3.5741e-07
58.8,1.4145e-06,58.8,7.2041e-07,58.8,4.3646e-07,58.8,3.6063e-07
58.9,1.4834e-06,58.9,7.3936e-07,58.9,4.4211e-07,58.9,3.6394e-07
59,1.5578e-06,59,7.5938e-07,59,4.4794e-07,59,3.6732e-07
59.1,1.6384e-06,59.1,7.8053e-07,59.1,4.5397e-07,59.1,3.708e-07
59.2,1.7256e-06,59.2,8.0292e-07,59.2,4.6021e-07,59.2,3.7436e-07
59.3,1.8202e-06,59.3,8.2663e-07,59.3,4.6667e-07,59.3,3.7802e-07
59.4,1.9229e-06,59.4,8.5178e-07,59.4,4.7335e-07,59.4,3.8177e-07
59.5,2.0345e-06,59.5,8.7846e-07,59.5,4.8027e-07,59.5,3.8563e-07
59.6,2.1558e-06,59.6,9.0682e-07,59.6,4.8744e-07,59.6,3.896e-07
59.7,2.288e-06,59.7,9.3697e-07,59.7,4.9488e-07,59.7,3.9367e-07
59.8,2.432e-06,59.8,9.6909e-07,59.8,5.0259e-07,59.8,3.9786e-07
59.9,2.5892e-06,59.9,1.0033e-06,59.9,5.106e-07,59.9,4.0217e-07
60,2.7608e-06,60,1.0398e-06,60,5.1893e-07,60,4.066e-07
60.1,2.9484e-06,60.1,1.0789e-06,60.1,5.2757e-07,60.1,4.1116e-07
60.2,Inf,60.2,1.1206e-06,60.2,5.3657e-07,60.2,4.1586e-07
60.3,Inf,60.3,1.1652e-06,60.3,5.4593e-07,60.3,4.2069e-07
60.4,Inf,60.4,1.2131e-06,60.4,5.5568e-07,60.4,4.2568e-07
60.5,Inf,60.5,1.2645e-06,60.5,5.6584e-07,60.5,4.3081e-07
60.6,Inf,60.6,1.3196e-06,60.6,5.7643e-07,60.6,4.3611e-07
60.7,Inf,60.7,1.3789e-06,60.7,5.8749e-07,60.7,4.4158e-07
60.8,Inf,60.8,1.4427e-06,60.8,5.9904e-07,60.8,4.4722e-07
60.9,Inf,60.9,1.5115e-06,60.9,6.1111e-07,60.9,4.5304e-07
61,Inf,61,1.5856e-06,61,6.2373e-07,61,4.5906e-07
61.1,Inf,61.1,1.6657e-06,61.1,6.3695e-07,61.1,4.6528e-07
61.2,Inf,61.2,1.7522e-06,61.2,6.5079e-07,61.2,4.7171e-07
61.3,Inf,61.3,1.8459e-06,61.3,6.653e-07,61.3,4.7837e-07
61.4,Inf,61.4,1.9472e-06,61.4,6.8053e-07,61.4,4.8526e-07
61.5,Inf,61.5,2.0571e-06,61.5,6.9653e-07,61.5,4.9239e-07
61.6,Inf,61.6,2.1764e-06,61.6,7.1334e-07,61.6,4.9978e-07
61.7,Inf,61.7,2.3059e-06,61.7,7.3102e-07,61.7,5.0744e-07
61.8,Inf,61.8,2.4466e-06,61.8,7.4965e-07,61.8,5.1539e-07
61.9,Inf,61.9,2.5998e-06,61.9,7.6927e-07,61.9,5.2364e-07
62,Inf,62,2.7666e-06,62,7.8997e-07,62,5.3221e-07
62.1,Inf,62.1,2.9484e-06,62.1,8.1183e-07,62.1,5.4111e-07
62.2,Inf,62.2,Inf,62.2,8.3493e-07,62.2,5.5037e-07
62.3,Inf,62.3,Inf,62.3,8.5936e-07,62.3,5.6e-07
62.4,Inf,62.4,Inf,62.4,8.8523e-07,62.4,5.7003e-07
62.5,Inf,62.5,Inf,62.5,9.1264e-07,62.5,5.8048e-07
62.6,Inf,62.6,Inf,62.6,9.4173e-07,62.6,5.9138e-07
62.7,Inf,62.7,Inf,62.7,9.7261e-07,62.7,6.0274e-07
62.8,Inf,62.8,Inf,62.8,1.0054e-06,62.8,6.1461e-07
62.9,Inf,62.9,Inf,62.9,1.0404e-06,62.9,6.27e-07
63,Inf,63,Inf,63,1.0776e-06,63,6.3996e-07
63.1,Inf,63.1,Inf,63.1,1.1172e-06,63.1,6.5353e-07
63.2,Inf,63.2,Inf,63.2,1.1595e-06,63.2,6.6773e-07
63.3,Inf,63.3,Inf,63.3,1.2047e-06,63.3,6.8261e-07
63.4,Inf,63.4,Inf,63.4,1.253e-06,63.4,6.9822e-07
63.5,Inf,63.5,Inf,63.5,1.3047e-06,63.5,7.146e-07
63.6,Inf,63.6,Inf,63.6,1.3601e-06,63.6,7.3181e-07
63.7,Inf,63.7,Inf,63.7,1.4195e-06,63.7,7.499e-07
63.8,Inf,63.8,Inf,63.8,1.4833e-06,63.8,7.6894e-07
63.9,Inf,63.9,Inf,63.9,1.5518e-06,63.9,7.8899e-07
64,Inf,64,Inf,64,1.6255e-06,64,8.1012e-07
64.1,Inf,64.1,Inf,64.1,1.7047e-06,64.1,8.3242e-07
64.2,Inf,64.2,Inf,64.2,1.7902e-06,64.2,8.5596e-07
64.3,Inf,64.3,Inf,64.3,1.8823e-06,64.3,8.8084e-07
64.4,Inf,64.4,Inf,64.4,1.9817e-06,64.4,9.0716e-07
64.5,Inf,64.5,Inf,64.5,2.0891e-06,64.5,9.3503e-07
64.6,Inf,64.6,Inf,64.6,2.2053e-06,64.6,9.6456e-07
64.7,Inf,64.7,Inf,64.7,2.3309e-06,64.7,9.9589e-07
64.8,Inf,64.8,Inf,64.8,2.467e-06,64.8,1.0291e-06
64.9,Inf,64.9,Inf,64.9,2.6146e-06,64.9,1.0645e-06
65,Inf,65,Inf,65,2.7746e-06,65,1.1021e-06
65.1,Inf,65.1,Inf,65.1,2.9484e-06,65.1,1.1421e-06
65.2,Inf,65.2,Inf,65.2,Inf,65.2,1.1847e-06
65.3,Inf,65.3,Inf,65.3,Inf,65.3,1.2302e-06
65.4,Inf,65.4,Inf,65.4,Inf,65.4,1.2788e-06
65.5,Inf,65.5,Inf,65.5,Inf,65.5,1.3307e-06
65.6,Inf,65.6,Inf,65.6,Inf,65.6,1.3862e-06
65.7,Inf,65.7,Inf,65.7,Inf,65.7,1.4456e-06
65.8,Inf,65.8,Inf,65.8,Inf,65.8,1.5092e-06
65.9,Inf,65.9,Inf,65.9,Inf,65.9,1.5775e-06
66,Inf,66,Inf,66,Inf,66,1.6508e-06
66.1,Inf,66.1,Inf,66.1,Inf,66.1,1.7295e-06
66.2,Inf,66.2,Inf,66.2,Inf,66.2,1.8142e-06
66.3,Inf,66.3,Inf,66.3,Inf,66.3,1.9053e-06
66.4,Inf,66.4,Inf,66.4,Inf,66.4,2.0034e-06
66.5,Inf,66.5,Inf,66.5,Inf,66.5,2.1092e-06
66.6,Inf,66.6,Inf,66.6,Inf,66.6,2.2234e-06
66.7,Inf,66.7,Inf,66.7,Inf,66.7,2.3466e-06
66.8,Inf,66.8,Inf,66.8,Inf,66.8,2.4797e-06
66.9,Inf,66.9,Inf,66.9,Inf,66.9,2.6237e-06
67,Inf,67,Inf,67,Inf,67,2.7796e-06
67.1,Inf,67.1,Inf,67.1,Inf,67.1,2.9484e-06
67.2,Inf,67.2,Inf,67.2,Inf,67.2,Inf
67.3,Inf,67.3,Inf,67.3,Inf,67.3,Inf
67.4,Inf,67.4,Inf,67.4,Inf,67.4,Inf
67.5,Inf,67.5,Inf,67.5,Inf,67.5,Inf
67.6,Inf,67.6,Inf,67.6,Inf,67.6,Inf
67.7,Inf,67.7,Inf,67.7,Inf,67.7,Inf
67.8,Inf,67.8,Inf,67.8,Inf,67.8,Inf
67.9,Inf,67.9,Inf,67.9,Inf,67.9,Inf
68,Inf,68,Inf,68,Inf,68,Inf
68.1,Inf,68.1,Inf,68.1,Inf,68.1,Inf
68.2,Inf,68.2,Inf,68.2,Inf,68.2,Inf
68.3,Inf,68.3,Inf,68.3,Inf,68.3,Inf
68.4,Inf,68.4,Inf,68.4,Inf,68.4,Inf
68.5,Inf,68.5,Inf,68.5,Inf,68.5,Inf
68.6,Inf,68.6,Inf,68.6,Inf,68.6,Inf
68.7,Inf,68.7,Inf,68.7,Inf,68.7,Inf
68.8,Inf,68.8,Inf,68.8,Inf,68.8,Inf
68.9,Inf,68.9,Inf,68.9,Inf,68.9,Inf
69,Inf,69,Inf,69,Inf,69,Inf
69.1,Inf,69.1,Inf,69.1,Inf,69.1,Inf
69.2,Inf,69.2,Inf,69.2,Inf,69.2,Inf
69.3,Inf,69.3,Inf,69.3,Inf,69.3,Inf
69.4,Inf,69.4,Inf,69.4,Inf,69.4,Inf
69.5,Inf,69.5,Inf,69.5,Inf,69.5,Inf
69.6,Inf,69.6,Inf,69.6,Inf,69.6,Inf
69.7,Inf,69.7,Inf,69.7,Inf,69.7,Inf
69.8,Inf,69.8,Inf,69.8,Inf,69.8,Inf
69.9,Inf,69.9,Inf,69.9,Inf,69.9,Inf
70,Inf,70,Inf,70,Inf,70,Inf
